{"stat.pickup.minecraft.repeating_command_block":2,"stat.useItem.minecraft.quartz_block":74,"stat.leaveGame":48,"stat.drop.minecraft.gunpowder":50,"stat.drop.minecraft.redstone":41,"stat.useItem.minecraft.glowstone":367,"stat.drop.minecraft.enchanted_book":6,"stat.pickup.minecraft.rotten_flesh":1,"stat.drop.minecraft.redstone_torch":58,"stat.useItem.minecraft.sandstone_stairs":8,"stat.useItem.minecraft.rail":19,"stat.drop.minecraft.elytra":1,"stat.useItem.minecraft.anvil":9,"stat.pickup.minecraft.brown_mushroom":16,"stat.drop.minecraft.sand":114,"stat.drop.minecraft.tnt":9,"stat.drop.minecraft.sandstone_stairs":1,"stat.pickup.minecraft.stained_hardened_clay":1,"stat.drop.minecraft.ender_eye":56,"stat.drop.minecraft.chainmail_leggings":2,"stat.pickup.minecraft.double_plant":9,"stat.drop.minecraft.gravel":6,"stat.furnaceInteraction":10,"stat.drop.minecraft.hay_block":48,"stat.drop.minecraft.red_flower":2,"stat.useItem.minecraft.end_stone":13,"stat.useItem.minecraft.double_plant":2,"stat.pickup.minecraft.beef":14,"stat.drop.minecraft.cactus":17,"stat.useItem.minecraft.stained_glass":160,"stat.useItem.minecraft.fence":49,"stat.pickup.minecraft.potion":24,"stat.useItem.minecraft.flint_and_steel":385,"stat.useItem.minecraft.wooden_button":64,"stat.pickup.minecraft.emerald":4,"stat.useItem.minecraft.dye":57,"stat.pickup.minecraft.lever":3,"stat.deaths":11,"stat.craftItem.minecraft.melon_seeds":1,"stat.drop.minecraft.golden_pickaxe":1,"stat.useItem.minecraft.nether_brick":12,"stat.pickup.minecraft.item_frame":1,"stat.drop.minecraft.glass_bottle":16,"stat.chestOpened":1125,"stat.useItem.minecraft.lapis_ore":109,"stat.useItem.minecraft.stone":2851,"stat.pickup.minecraft.arrow":5,"stat.pickup.minecraft.iron_sword":1,"stat.pickup.minecraft.wooden_pressure_plate":2,"stat.drop.minecraft.experience_bottle":48,"stat.pickup.minecraft.lapis_ore":1,"stat.useItem.minecraft.clay":2,"stat.drop.minecraft.iron_pickaxe":1,"stat.drop.minecraft.dark_oak_stairs":2,"stat.pickup.minecraft.carrot":1,"stat.crouchOneCm":241073,"stat.craftItem.minecraft.iron_ingot":2,"stat.drop.minecraft.slime_ball":8,"stat.craftingTableInteraction":3,"stat.useItem.minecraft.emerald_ore":32,"stat.drop.minecraft.concrete_powder":1,"stat.pickup.minecraft.repeater":4,"stat.drop.minecraft.double_plant":14,"stat.useItem.minecraft.dark_oak_fence":4,"stat.useItem.minecraft.reeds":3,"stat.pickup.minecraft.dye":42,"stat.pickup.minecraft.planks":41,"stat.pickup.minecraft.wheat_seeds":17,"stat.drop.minecraft.snow":57,"stat.pickup.minecraft.ice":2,"stat.drop.minecraft.paper":57,"stat.drop.minecraft.brewing_stand":60,"stat.drop.minecraft.rotten_flesh":50,"stat.useItem.minecraft.cobblestone":146,"stat.useItem.minecraft.gravel":180,"stat.pickup.minecraft.iron_pickaxe":1,"stat.drop.minecraft.iron_ore":2,"stat.drop.minecraft.carrot":49,"stat.drop.minecraft.sapling":194,"stat.pickup.minecraft.hopper":2,"stat.useItem.minecraft.tallgrass":4,"stat.pickup.minecraft.apple":16,"stat.pickup.minecraft.end_stone":16,"stat.drop.minecraft.fish":226,"stat.pickup.minecraft.coal_block":24,"stat.useItem.minecraft.iron_sword":62,"stat.useItem.minecraft.barrier":1,"stat.pickup.minecraft.stone_sword":3,"stat.drop.minecraft.comparator":62,"stat.useItem.minecraft.stonebrick":398,"stat.pickup.minecraft.book":16,"stat.useItem.minecraft.monster_egg":84,"stat.pickup.minecraft.wool":114,"stat.drop.minecraft.grass":1,"stat.drop.minecraft.totem_of_undying":1,"stat.drop.minecraft.lapis_ore":2,"stat.pickup.minecraft.bookshelf":16,"stat.drop.minecraft.beacon":3,"stat.useItem.minecraft.skull":3,"stat.useItem.minecraft.concrete_powder":4,"stat.pickup.minecraft.enchanted_book":7,"stat.pickup.minecraft.glowstone":1,"stat.drop.minecraft.cobblestone":207,"stat.useItem.minecraft.obsidian":27,"stat.pickup.minecraft.sticky_piston":1,"stat.useItem.minecraft.mob_spawner":2,"stat.pickup.minecraft.iron_boots":1,"stat.drop.minecraft.daylight_detector":56,"stat.useItem.minecraft.egg":49,"stat.pickup.minecraft.shears":1,"stat.flyOneCm":7295408,"stat.pickup.minecraft.sandstone":4,"stat.pickup.minecraft.fish":1,"stat.drop.minecraft.chainmail_chestplate":2,"stat.timeSinceDeath":21340,"stat.useItem.minecraft.wooden_slab":57,"stat.drop.minecraft.spider_eye":57,"stat.drop.minecraft.repeater":66,"stat.pickup.minecraft.chainmail_helmet":1,"stat.pickup.minecraft.nether_wart":17,"stat.drop.minecraft.stained_glass":1,"stat.drop.minecraft.flint_and_steel":4,"stat.drop.minecraft.wool":129,"stat.mineBlock.minecraft.coal_ore":4,"stat.useItem.minecraft.armor_stand":1,"stat.pickup.minecraft.shield":10,"stat.drop.minecraft.spawn_egg":1,"stat.pickup.minecraft.string":55,"stat.drop.minecraft.redstone_lamp":73,"stat.drop.minecraft.obsidian":63,"stat.drop.minecraft.birch_fence":1,"stat.drop.minecraft.jungle_stairs":2,"stat.useItem.minecraft.written_book":10,"stat.sprintOneCm":852266,"stat.useItem.minecraft.diamond_block":16,"stat.pickup.minecraft.chest_minecart":1,"stat.drop.minecraft.cauldron":2,"stat.drop.minecraft.cobblestone_wall":2,"stat.pickup.minecraft.spawn_egg":1,"stat.pickup.minecraft.vine":16,"stat.drop.minecraft.redstone_ore":1,"stat.drop.minecraft.golden_rail":112,"stat.useItem.minecraft.diamond_ore":152,"stat.useItem.minecraft.ladder":10,"stat.pickup.minecraft.iron_block":10,"stat.pickup.minecraft.wheat":16,"stat.drop.minecraft.stone_stairs":3,"stat.useItem.minecraft.sticky_piston":17,"stat.pickup.minecraft.sign":15,"stat.useItem.minecraft.chicken":1,"stat.pickup.minecraft.obsidian":64,"stat.useItem.minecraft.heavy_weighted_pressure_plate":5,"stat.drop.minecraft.sandstone":22,"stat.jump":2140,"stat.useItem.minecraft.sand":132,"stat.pickup.minecraft.coal":158,"stat.pickup.minecraft.iron_ingot":8,"stat.drop.minecraft.diamond_sword":1,"stat.pickup.minecraft.gunpowder":1,"stat.useItem.minecraft.coal_ore":252,"stat.useItem.minecraft.light_weighted_pressure_plate":9,"stat.drop.minecraft.glowstone":6,"stat.drop.minecraft.dragon_egg":70,"stat.useItem.minecraft.glass":143,"stat.drop.minecraft.barrier":1,"stat.useItem.minecraft.sapling":14,"stat.pickup.minecraft.gold_ore":1,"stat.pickup.minecraft.command_block":19,"stat.drop.minecraft.gold_block":61,"stat.pickup.minecraft.cookie":17,"stat.damageTaken":610,"stat.useItem.minecraft.stone_brick_stairs":380,"stat.useItem.minecraft.gold_block":4,"stat.noteblockTuned":101,"stat.drop.minecraft.nether_star":7,"stat.drop.minecraft.nether_brick_fence":1,"stat.pickup.minecraft.concrete":1,"stat.useItem.minecraft.birch_fence":8,"stat.pickup.minecraft.potato":1,"stat.killEntity.Silverfish":20,"stat.pickup.minecraft.shulker_shell":1,"stat.useItem.minecraft.command_block":481,"stat.useItem.minecraft.chest":66,"stat.drop.minecraft.item_frame":1,"stat.drop.minecraft.wheat":16,"stat.pickup.minecraft.diamond_pickaxe":9,"stat.drop.minecraft.diamond_ore":1,"stat.useItem.minecraft.observer":12,"stat.useItem.minecraft.tnt":3,"stat.useItem.minecraft.gold_ore":151,"stat.useItem.minecraft.lava_bucket":288,"stat.drop.minecraft.netherrack":2,"stat.useItem.minecraft.item_frame":12,"stat.drop.minecraft.potato":49,"stat.useItem.minecraft.stained_hardened_clay":7,"stat.pickup.minecraft.ender_pearl":39,"stat.drop.minecraft.egg":17,"stat.useItem.minecraft.redstone_ore":83,"stat.useItem.minecraft.concrete":170,"stat.useItem.minecraft.netherrack":45,"stat.drop.minecraft.lever":1,"stat.drop.minecraft.cookie":107,"stat.drop.minecraft.dragon_breath":1,"stat.drop.minecraft.clock":60,"stat.mobKills":52,"stat.drop.minecraft.written_book":8,"stat.useItem.minecraft.cobblestone_wall":416,"stat.pickup.minecraft.diamond":16,"stat.pickup.minecraft.beetroot_seeds":1,"stat.useItem.minecraft.writable_book":3,"stat.pickup.minecraft.torch":2,"stat.drop.minecraft.shears":1,"stat.drop.minecraft.armor_stand":4,"stat.useItem.minecraft.repeating_command_block":190,"stat.drop.minecraft.shield":3,"stat.drop.minecraft.skull":106,"stat.useItem.minecraft.planks":987,"stat.useItem.minecraft.nether_brick_stairs":20,"stat.pickup.minecraft.glass":16,"stat.pickup.minecraft.blaze_powder":16,"stat.useItem.minecraft.water_bucket":2,"stat.pickup.minecraft.sand":32,"stat.pickup.minecraft.splash_potion":1,"stat.useItem.minecraft.red_nether_brick":9,"stat.pickup.minecraft.name_tag":16,"stat.drop.minecraft.splash_potion":1,"stat.drop.minecraft.jukebox":64,"stat.pickup.minecraft.chainmail_chestplate":1,"stat.hopperInspected":366,"stat.drop.minecraft.diamond":4,"stat.useItem.minecraft.spawn_egg":36,"stat.drop.minecraft.emerald_ore":1,"stat.pickup.minecraft.ghast_tear":8,"stat.trappedChestTriggered":1,"stat.drop.minecraft.rail":16,"stat.drop.minecraft.diamond_block":11,"stat.useItem.minecraft.dark_oak_stairs":407,"stat.pickup.minecraft.wooden_button":2,"stat.drop.minecraft.stone_slab":2,"stat.drop.minecraft.wooden_pressure_plate":2,"stat.useItem.minecraft.redstone":515,"stat.drop.minecraft.stained_hardened_clay":2,"stat.pickup.minecraft.totem_of_undying":1,"stat.drop.minecraft.wooden_button":12,"stat.drop.minecraft.fishing_rod":1,"stat.pickup.minecraft.iron_chestplate":1,"stat.useItem.minecraft.stone_stairs":323,"stat.pickup.minecraft.skull":6,"stat.pickup.minecraft.golden_carrot":6,"stat.useItem.minecraft.hopper":65,"stat.drop.minecraft.snowball":16,"stat.drop.minecraft.golden_carrot":48,"stat.playOneMinute":1473488,"stat.pickup.minecraft.blaze_rod":16,"stat.drop.minecraft.string":50,"stat.useItem.minecraft.jungle_stairs":361,"stat.pickup.minecraft.beacon":1,"stat.drop.minecraft.chest":8,"stat.drop.minecraft.ice":48,"stat.drop.minecraft.hopper":54,"stat.useItem.minecraft.sponge":2,"stat.useItem.minecraft.quartz_ore":3,"stat.fallOneCm":3675,"stat.drop.minecraft.stone":10,"stat.drop.minecraft.dye":210,"stat.useItem.minecraft.trapped_chest":1,"stat.drop.minecraft.gold_ore":2,"stat.useItem.minecraft.nether_brick_fence":13,"stat.pickup.minecraft.red_mushroom":16,"stat.drop.minecraft.stained_glass_pane":1,"stat.pickup.minecraft.comparator":2,"stat.drop.minecraft.leaves2":1,"stat.pickup.minecraft.emerald_ore":1,"stat.pickup.minecraft.feather":32,"stat.drop.minecraft.bone":50,"stat.useItem.minecraft.furnace":1,"stat.drop.minecraft.concrete":7,"stat.pickup.minecraft.iron_leggings":1,"stat.pickup.minecraft.lead":4,"stat.useItem.minecraft.stone_pickaxe":4,"stat.useItem.minecraft.stone_sword":1,"stat.useItem.minecraft.wool":679,"stat.pickup.minecraft.redstone_ore":1,"stat.drop.minecraft.reeds":19,"stat.pickup.minecraft.chainmail_boots":2,"stat.useItem.minecraft.iron_bars":46,"stat.useItem.minecraft.torch":5,"stat.pickup.minecraft.golden_apple":12,"stat.drop.minecraft.stone_brick_stairs":4,"stat.useItem.minecraft.log":1072,"stat.useItem.minecraft.comparator":129,"stat.drop.minecraft.end_stone":88,"stat.pickup.minecraft.redstone_block":5,"stat.pickup.minecraft.log":32,"stat.drop.minecraft.sign":16,"stat.drop.minecraft.planks":41,"stat.drop.minecraft.lapis_block":1,"stat.pickup.minecraft.chainmail_leggings":1,"stat.pickup.minecraft.sapling":24,"stat.useItem.minecraft.deadbush":2,"stat.pickup.minecraft.beetroot":2,"stat.killEntity.WitherSkeleton":22,"stat.useItem.minecraft.wooden_pressure_plate":54,"stat.sneakTime":67342,"stat.pickup.minecraft.stone_slab":1,"stat.useItem.minecraft.fishing_rod":2,"stat.pickup.minecraft.chest":3,"stat.useItem.minecraft.web":35,"stat.useItem.minecraft.lapis_block":9,"stat.pickup.minecraft.bone":74,"stat.pickup.minecraft.stone_pressure_plate":2,"stat.pickup.minecraft.redstone_torch":2,"stat.drop.minecraft.beetroot":51,"stat.useItem.minecraft.repeater":219,"stat.drop.minecraft.tripwire_hook":8,"stat.drop.minecraft.red_mushroom":105,"stat.useItem.minecraft.diamond_sword":35,"stat.swimOneCm":12,"stat.drop.minecraft.sticky_piston":1,"stat.drop.minecraft.brown_mushroom":96,"stat.useItem.minecraft.redstone_torch":107,"stat.useItem.minecraft.dirt":361,"stat.drop.minecraft.quartz":114,"stat.drop.minecraft.writable_book":1,"stat.useItem.minecraft.red_flower":2,"stat.useItem.minecraft.leaves2":195,"stat.useItem.minecraft.iron_ore":278,"stat.drop.minecraft.ender_pearl":27,"stat.pickup.minecraft.cobblestone":228,"stat.pickup.minecraft.gold_block":8,"stat.drop.minecraft.wheat_seeds":17,"stat.useItem.minecraft.cooked_beef":1,"stat.pickup.minecraft.cactus":16,"stat.pickup.minecraft.redstone":36,"stat.useItem.minecraft.sign":364,"stat.drop.minecraft.log":195,"stat.useItem.minecraft.noteblock":3,"stat.drop.minecraft.coal":16,"stat.useItem.minecraft.lever":46,"stat.pickup.minecraft.redstone_lamp":40,"stat.drop.minecraft.dirt":34,"stat.drop.minecraft.beetroot_seeds":49,"stat.useItem.minecraft.chest_minecart":1,"stat.drop.minecraft.bedrock":2,"stat.drop.minecraft.log2":96,"stat.pickup.minecraft.nether_star":17,"stat.drop.minecraft.anvil":105,"stat.drop.minecraft.compass":124,"stat.pickup.minecraft.paper":16,"stat.useItem.minecraft.stone_slab":189,"stat.useItem.minecraft.magenta_glazed_terracotta":8,"stat.useItem.minecraft.stone_pressure_plate":15,"stat.useItem.minecraft.ender_eye":3,"stat.drop.minecraft.golden_apple":132,"stat.mineBlock.minecraft.planks":1,"stat.drop":634,"stat.pickup.minecraft.jukebox":1,"stat.pickup.minecraft.slime_ball":4,"stat.drop.minecraft.redstone_block":5,"stat.drop.minecraft.bread":49,"stat.drop.minecraft.nether_wart":50,"stat.useItem.minecraft.quartz_stairs":2,"stat.pickup.minecraft.black_glazed_terracotta":64,"stat.pickup.minecraft.purple_shulker_box":2,"stat.drop.minecraft.chainmail_helmet":2,"stat.useItem.minecraft.stained_glass_pane":33,"stat.pickup.minecraft.diamond_sword":1,"stat.useItem.minecraft.bedrock":1553,"stat.pickup.minecraft.iron_helmet":1,"stat.useItem.minecraft.piston":34,"stat.useItem.minecraft.stone_button":20,"stat.pickup.minecraft.experience_bottle":112,"stat.pickup.minecraft.diamond_ore":1,"stat.drop.minecraft.piston":3,"stat.drop.minecraft.glass":49,"stat.pickup.minecraft.iron_ore":63,"stat.pickup.minecraft.snow":16,"stat.useItem.minecraft.redstone_lamp":89,"stat.pickup.minecraft.leaves":16,"stat.pickup.minecraft.leather":24,"stat.drop.minecraft.stone_button":1,"stat.pickup.minecraft.end_crystal":17,"stat.drop.minecraft.water_bucket":2,"stat.pickup.minecraft.reeds":16,"stat.useItem.minecraft.end_portal_frame":26,"stat.pickup.minecraft.stained_glass":2,"stat.damageDealt":6800,"stat.drop.minecraft.shulker_shell":5,"stat.killEntity.Cow":2,"stat.useItem.minecraft.crafting_table":3,"stat.walkOneCm":1336419,"stat.drop.minecraft.vine":105,"stat.drop.minecraft.iron_block":59,"stat.useItem.minecraft.redstone_block":88,"stat.pickup.minecraft.tnt":16,"stat.pickup.minecraft.stone":1,"stat.useItem.minecraft.leaves":32,"stat.drop.minecraft.command_block":877,"stat.useItem.minecraft.cactus":1,"stat.pickup.minecraft.chorus_fruit":16,"stat.pickup.minecraft.gold_ingot":8,"stat.killEntity.Skeleton":5,"stat.drop.minecraft.chainmail_boots":3,"stat.useItem.minecraft.iron_block":59,"stat.pickup.minecraft.concrete_powder":1,"stat.drop.minecraft.chest_minecart":1,"stat.pickup.minecraft.dragon_breath":16,"stat.drop.minecraft.repeating_command_block":7,"stat.pickup.minecraft.quartz":17,"stat.pickup.minecraft.lava_bucket":1,"stat.pickup.minecraft.elytra":1,"stat.useItem.minecraft.map":6,"stat.useItem.minecraft.sandstone":2988}